label	n	m	mt	old_s	new_s	speedup	Q_check	Q_old
SBM-20blk	2000	31852	1.0	0.137	0.094	1.46	exact	63703
SBM-20blk	5000	199076	1.0	0.498	0.215	2.32	exact	398151
SBM-20blk	10000	798487	1.0	1.801	0.663	2.72	exact	1.59697e+06
SBM-20blk	25000	4996272	1.0	19.233	3.748	5.13	exact	9.99254e+06
SBM-20blk	50000	19992566	1.0	82.685	14.823	5.58	exact	3.99851e+07
ER-10x	2000	20000	1.0	0.151	0.091	1.66	exact	39999
ER-10x	5000	50000	1.0	4.542	0.140	32.44	exact	99999
ER-10x	10000	100000	1.0	6.468	0.232	27.88	exact	199999
ER-10x	25000	250000	1.0	148.254	0.799	185.55	exact	499999
